{"Losses/train_all_loss": 11.070118975639343, "Losses/train_all_loss_mask": 0.13159860795130954, "Losses/train_all_loss_dice": 7.463248503208161, "Losses/train_all_loss_iou": 0.9748869808390737, "Losses/train_all_loss_class": 1.1642162432234926e-05, "Losses/train_all_core_loss": 11.070118975639343, "Trainer/where": 0.0195, "Trainer/epoch": 0, "Trainer/steps_train": 40}
{"Losses/train_all_loss": 8.726571822166443, "Losses/train_all_loss_mask": 0.03861400107343797, "Losses/train_all_loss_dice": 7.500398433208465, "Losses/train_all_loss_iou": 0.4536822626949288, "Losses/train_all_loss_class": 0.00021116981601470018, "Losses/train_all_core_loss": 8.726571822166443, "Trainer/where": 0.0395, "Trainer/epoch": 1, "Trainer/steps_train": 80}
{"Losses/train_all_loss": 8.32911719083786, "Losses/train_all_loss_mask": 0.03439100562536623, "Losses/train_all_loss_dice": 7.393140453100204, "Losses/train_all_loss_iou": 0.24703905555070377, "Losses/train_all_loss_class": 0.0011175910406848288, "Losses/train_all_core_loss": 8.32911719083786, "Trainer/where": 0.059500000000000004, "Trainer/epoch": 2, "Trainer/steps_train": 120}
{"Losses/train_all_loss": 7.9369899988174435, "Losses/train_all_loss_mask": 0.021272483198481497, "Losses/train_all_loss_dice": 7.447648394107818, "Losses/train_all_loss_iou": 0.06381208094317117, "Losses/train_all_loss_class": 7.987330211083332e-05, "Losses/train_all_core_loss": 7.9369899988174435, "Trainer/where": 0.0795, "Trainer/epoch": 3, "Trainer/steps_train": 160}
{"Losses/train_all_loss": 7.955873024463654, "Losses/train_all_loss_mask": 0.027196310719591565, "Losses/train_all_loss_dice": 7.3713669896125795, "Losses/train_all_loss_iou": 0.040540499775670466, "Losses/train_all_loss_class": 3.93597102458898e-05, "Losses/train_all_core_loss": 7.955873024463654, "Trainer/where": 0.09949999999999999, "Trainer/epoch": 4, "Trainer/steps_train": 200}
{"Losses/train_all_loss": 7.713245296478272, "Losses/train_all_loss_mask": 0.021138020500075072, "Losses/train_all_loss_dice": 7.235592943429947, "Losses/train_all_loss_iou": 0.054880560189121755, "Losses/train_all_loss_class": 1.1419168161097559e-05, "Losses/train_all_core_loss": 7.713245296478272, "Trainer/where": 0.1195, "Trainer/epoch": 5, "Trainer/steps_train": 240}
{"Losses/train_all_loss": 7.426462268829345, "Losses/train_all_loss_mask": 0.013435622929682723, "Losses/train_all_loss_dice": 7.140339636802674, "Losses/train_all_loss_iou": 0.017393272405388415, "Losses/train_all_loss_class": 1.6959562142915274e-05, "Losses/train_all_core_loss": 7.426462268829345, "Trainer/where": 0.13949999999999999, "Trainer/epoch": 6, "Trainer/steps_train": 280}
{"Losses/train_all_loss": 7.570271575450898, "Losses/train_all_loss_mask": 0.018155527746057488, "Losses/train_all_loss_dice": 7.180947840213776, "Losses/train_all_loss_iou": 0.026198733624914892, "Losses/train_all_loss_class": 1.4512801002197761e-05, "Losses/train_all_core_loss": 7.570271575450898, "Trainer/where": 0.1595, "Trainer/epoch": 7, "Trainer/steps_train": 320}
{"Losses/train_all_loss": 7.546712076663971, "Losses/train_all_loss_mask": 0.01239486394042615, "Losses/train_all_loss_dice": 7.292927074432373, "Losses/train_all_loss_iou": 0.005877068237168714, "Losses/train_all_loss_class": 1.0626199967145311e-05, "Losses/train_all_core_loss": 7.546712076663971, "Trainer/where": 0.1795, "Trainer/epoch": 8, "Trainer/steps_train": 360}
{"Losses/train_all_loss": 7.363995659351349, "Losses/train_all_loss_mask": 0.01637169875757536, "Losses/train_all_loss_dice": 7.029054290056228, "Losses/train_all_loss_iou": 0.00749545753642451, "Losses/train_all_loss_class": 1.1991118451959437e-05, "Losses/train_all_core_loss": 7.363995659351349, "Trainer/where": 0.19949999999999998, "Trainer/epoch": 9, "Trainer/steps_train": 400}
{"Losses/train_all_loss": 7.842531460523605, "Losses/train_all_loss_mask": 0.028266674003680235, "Losses/train_all_loss_dice": 7.266219466924667, "Losses/train_all_loss_iou": 0.010966380530589959, "Losses/train_all_loss_class": 1.2117899669306097e-05, "Losses/train_all_core_loss": 7.842531460523605, "Trainer/where": 0.2195, "Trainer/epoch": 10, "Trainer/steps_train": 440}
{"Losses/train_all_loss": 7.6230742812156675, "Losses/train_all_loss_mask": 0.022081726275064283, "Losses/train_all_loss_dice": 7.131791281700134, "Losses/train_all_loss_iou": 0.049642949422559465, "Losses/train_all_loss_class": 5.564365184085318e-06, "Losses/train_all_core_loss": 7.6230742812156675, "Trainer/where": 0.2395, "Trainer/epoch": 11, "Trainer/steps_train": 480}
{"Losses/train_all_loss": 7.25102082490921, "Losses/train_all_loss_mask": 0.01171252755302703, "Losses/train_all_loss_dice": 6.989954054355621, "Losses/train_all_loss_iou": 0.02680949586138013, "Losses/train_all_loss_class": 6.729083637679878e-06, "Losses/train_all_core_loss": 7.25102082490921, "Trainer/where": 0.2595, "Trainer/epoch": 12, "Trainer/steps_train": 520}
{"Losses/train_all_loss": 7.206873404979706, "Losses/train_all_loss_mask": 0.008398232536274008, "Losses/train_all_loss_dice": 7.021433866024017, "Losses/train_all_loss_iou": 0.017467440287873615, "Losses/train_all_loss_class": 7.437198032533843e-06, "Losses/train_all_core_loss": 7.206873404979706, "Trainer/where": 0.27949999999999997, "Trainer/epoch": 13, "Trainer/steps_train": 560}
{"Losses/train_all_loss": 7.300611937046051, "Losses/train_all_loss_mask": 0.012035798746728688, "Losses/train_all_loss_dice": 7.004784899950027, "Losses/train_all_loss_iou": 0.05509790132782655, "Losses/train_all_loss_class": 1.3149682293800425e-05, "Losses/train_all_core_loss": 7.300611937046051, "Trainer/where": 0.2995, "Trainer/epoch": 14, "Trainer/steps_train": 600}
{"Losses/train_all_loss": 7.425289410352707, "Losses/train_all_loss_mask": 0.017450540048594122, "Losses/train_all_loss_dice": 7.042691689729691, "Losses/train_all_loss_iou": 0.033581233429868004, "Losses/train_all_loss_class": 5.76396910254573e-06, "Losses/train_all_core_loss": 7.425289410352707, "Trainer/where": 0.3195, "Trainer/epoch": 15, "Trainer/steps_train": 640}
{"Losses/train_all_loss": 7.515242075920105, "Losses/train_all_loss_mask": 0.014881125573447207, "Losses/train_all_loss_dice": 7.192204147577286, "Losses/train_all_loss_iou": 0.025410169914721337, "Losses/train_all_loss_class": 5.363927651558242e-06, "Losses/train_all_core_loss": 7.515242075920105, "Trainer/where": 0.3395, "Trainer/epoch": 16, "Trainer/steps_train": 680}
{"Losses/train_all_loss": 7.4604461073875425, "Losses/train_all_loss_mask": 0.014641078482964077, "Losses/train_all_loss_dice": 7.140776228904724, "Losses/train_all_loss_iou": 0.026841932014212942, "Losses/train_all_loss_class": 6.434302503066647e-06, "Losses/train_all_core_loss": 7.4604461073875425, "Trainer/where": 0.35950000000000004, "Trainer/epoch": 17, "Trainer/steps_train": 720}
{"Losses/train_all_loss": 7.4822596430778505, "Losses/train_all_loss_mask": 0.009911912253301125, "Losses/train_all_loss_dice": 7.2440059065818785, "Losses/train_all_loss_iou": 0.04000875173242093, "Losses/train_all_loss_class": 6.77559006057038e-06, "Losses/train_all_core_loss": 7.4822596430778505, "Trainer/where": 0.3795, "Trainer/epoch": 18, "Trainer/steps_train": 760}
{"Losses/train_all_loss": 7.375670433044434, "Losses/train_all_loss_mask": 0.015354900644888403, "Losses/train_all_loss_dice": 7.043369603157044, "Losses/train_all_loss_iou": 0.025185529651935212, "Losses/train_all_loss_class": 1.728652392927188e-05, "Losses/train_all_core_loss": 7.375670433044434, "Trainer/where": 0.3995, "Trainer/epoch": 19, "Trainer/steps_train": 800}
{"Losses/train_all_loss": 7.391752350330353, "Losses/train_all_loss_mask": 0.012452663970907451, "Losses/train_all_loss_dice": 7.123035705089569, "Losses/train_all_loss_iou": 0.019647458105100667, "Losses/train_all_loss_class": 1.5798593115334824e-05, "Losses/train_all_core_loss": 7.391752350330353, "Trainer/where": 0.41950000000000004, "Trainer/epoch": 20, "Trainer/steps_train": 840}
{"Losses/train_all_loss": 7.177791810035705,