{"Losses/train_all_loss": 11.16338095664978, "Losses/train_all_loss_mask": 0.13671752541558818, "Losses/train_all_loss_dice": 7.463412892818451, "Losses/train_all_loss_iou": 0.9656050866469741, "Losses/train_all_loss_class": 1.2423738949562946e-05, "Losses/train_all_core_loss": 11.16338095664978, "Trainer/where": 0.0195, "Trainer/epoch": 0, "Trainer/steps_train": 40}
{"Losses/train_all_loss": 8.728255259990693, "Losses/train_all_loss_mask": 0.0381850686888356, "Losses/train_all_loss_dice": 7.510655808448791, "Losses/train_all_loss_iou": 0.45371386618353426, "Losses/train_all_loss_class": 0.00018424962865826178, "Losses/train_all_core_loss": 8.728255259990693, "Trainer/where": 0.0395, "Trainer/epoch": 1, "Trainer/steps_train": 80}
{"Losses/train_all_loss": 8.308619564771652, "Losses/train_all_loss_mask": 0.03353584429860348, "Losses/train_all_loss_dice": 7.387668472528458, "Losses/train_all_loss_iou": 0.24905082054028754, "Losses/train_all_loss_class": 0.0011833935290427532, "Losses/train_all_core_loss": 8.308619564771652, "Trainer/where": 0.059500000000000004, "Trainer/epoch": 2, "Trainer/steps_train": 120}
{"Losses/train_all_loss": 7.950399136543274, "Losses/train_all_loss_mask": 0.02200056564579427, "Losses/train_all_loss_dice": 7.448013460636139, "Losses/train_all_loss_iou": 0.06228316803535563, "Losses/train_all_loss_class": 9.116490499589957e-05, "Losses/train_all_core_loss": 7.950399136543274, "Trainer/where": 0.0795, "Trainer/epoch": 3, "Trainer/steps_train": 160}
{"Losses/train_all_loss": 7.960673260688782, "Losses/train_all_loss_mask": 0.027644115574366877, "Losses/train_all_loss_dice": 7.367802107334137, "Losses/train_all_loss_iou": 0.03994827226815687, "Losses/train_all_loss_class": 4.053122729459346e-05, "Losses/train_all_core_loss": 7.960673260688782, "Trainer/where": 0.09949999999999999, "Trainer/epoch": 4, "Trainer/steps_train": 200}
{"Losses/train_all_loss": 7.708003848791122, "Losses/train_all_loss_mask": 0.021527102042455226, "Losses/train_all_loss_dice": 7.234823149442673, "Losses/train_all_loss_iou": 0.042630948242549496, "Losses/train_all_loss_class": 7.736046583062262e-06, "Losses/train_all_core_loss": 7.708003848791122, "Trainer/where": 0.1195, "Trainer/epoch": 5, "Trainer/steps_train": 240}
{"Losses/train_all_loss": 7.434995937347412, "Losses/train_all_loss_mask": 0.013679703785601304, "Losses/train_all_loss_dice": 7.142871677875519, "Losses/train_all_loss_iou": 0.018517538670857904, "Losses/train_all_loss_class": 1.2662989354339515e-05, "Losses/train_all_core_loss": 7.434995937347412, "Trainer/where": 0.13949999999999999, "Trainer/epoch": 6, "Trainer/steps_train": 280}
{"Losses/train_all_loss": 7.545878958702088, "Losses/train_all_loss_mask": 0.01721201498803566, "Losses/train_all_loss_dice": 7.168058824539185, "Losses/train_all_loss_iou": 0.03356298541257274, "Losses/train_all_loss_class": 1.6832089823282104e-05, "Losses/train_all_core_loss": 7.545878958702088, "Trainer/where": 0.1595, "Trainer/epoch": 7, "Trainer/steps_train": 320}
{"Losses/train_all_loss": 7.560349452495575, "Losses/train_all_loss_mask": 0.013311210945539642, "Losses/train_all_loss_dice": 7.28846994638443, "Losses/train_all_loss_iou": 0.005643822958518285, "Losses/train_all_loss_class": 1.1486961354201242e-05, "Losses/train_all_core_loss": 7.560349452495575, "Trainer/where": 0.1795, "Trainer/epoch": 8, "Trainer/steps_train": 360}
{"Losses/train_all_loss": 7.388833820819855, "Losses/train_all_loss_mask": 0.017449965291598347, "Losses/train_all_loss_dice": 7.03455964922905, "Losses/train_all_loss_iou": 0.005259636323899031, "Losses/train_all_loss_class": 1.520387151003888e-05, "Losses/train_all_core_loss": 7.388833820819855, "Trainer/where": 0.19949999999999998, "Trainer/epoch": 9, "Trainer/steps_train": 400}
{"Losses/train_all_loss": 7.899042463302612, "Losses/train_all_loss_mask": 0.030543290025525492, "Losses/train_all_loss_dice": 7.2773793041706085, "Losses/train_all_loss_iou": 0.010783301975607174, "Losses/train_all_loss_class": 1.402109200867585e-05, "Losses/train_all_core_loss": 7.899042463302612, "Trainer/where": 0.2195, "Trainer/epoch": 10, "Trainer/steps_train": 440}
{"Losses/train_all_loss": 7.733785319328308, "Losses/train_all_loss_mask": 0.02748786571683013, "Losses/train_all_loss_dice": 7.155114936828613, "Losses/train_all_loss_iou": 0.02890679108822951, "Losses/train_all_loss_class": 6.29951710031662e-06, "Losses/train_all_core_loss": 7.733785319328308, "Trainer/where": 0.2395, "Trainer/epoch": 11, "Trainer/steps_train": 480}
{"Losses/train_all_loss": 7.246095585823059, "Losses/train_all_loss_mask": 0.011414068548037903, "Losses/train_all_loss_dice": 6.99806455373764, "Losses/train_all_loss_iou": 0.01974261384748388, "Losses/train_all_loss_class": 6.986160263267039e-06, "Losses/train_all_core_loss": 7.246095585823059, "Trainer/where": 0.2595, "Trainer/epoch": 12, "Trainer/steps_train": 520}
{"Losses/train_all_loss": 7.215090870857239, "Losses/train_all_loss_mask": 0.008589671869412997, "Losses/train_all_loss_dice": 7.023870348930359, "Losses/train_all_loss_iou": 0.01941909726228914, "Losses/train_all_loss_class": 7.97561772039046e-06, "Losses/train_all_core_loss": 7.215090870857239, "Trainer/where": 0.27949999999999997, "Trainer/epoch": 13, "Trainer/steps_train": 560}
{"Losses/train_all_loss": 7.322595107555389, "Losses/train_all_loss_mask": 0.012788991409070149, "Losses/train_all_loss_dice": 7.025058269500732, "Losses/train_all_loss_iou": 0.04174218616681173, "Losses/train_all_loss_class": 1.4797383438747148e-05, "Losses/train_all_core_loss": 7.322595107555389, "Trainer/where": 0.2995, "Trainer/epoch": 14, "Trainer/steps_train": 600}
{"Losses/train_all_loss": 7.437757295370102, "Losses/train_all_loss_mask": 0.017350662822718733, "Losses/train_all_loss_dice": 7.055659425258637, "Losses/train_all_loss_iou": 0.03507907608836831, "Losses/train_all_loss_class": 5.45054184506455e-06, "Losses/train_all_core_loss": 7.437757295370102, "Trainer/where": 0.3195, "Trainer/epoch": 15, "Trainer/steps_train": 640}
{"Losses/train_all_loss": 7.55689127445221, "Losses/train_all_loss_mask": 0.0156736455646751, "Losses/train_all_loss_dice": 7.223750209808349, "Losses/train_all_loss_iou": 0.019662439693638588, "Losses/train_all_loss_class": 5.75336570420859e-06, "Losses/train_all_core_loss": 7.55689127445221, "Trainer/where": 0.3395, "Trainer/epoch": 16, "Trainer/steps_train": 680}
{"Losses/train_all_loss": 7.519511151313782, "Losses/train_all_loss_mask": 0.016200148753705436, "Losses/train_all_loss_dice": 7.165458446741104, "Losses/train_all_loss_iou": 0.030044205756166776, "Losses/train_all_loss_class": 5.617187799344947e-06, "Losses/train_all_core_loss": 7.519511151313782, "Trainer/where": 0.35950000000000004, "Trainer/epoch": 17, "Trainer/steps_train": 720}
{"Losses/train_all_loss": 7.513331651687622, "Losses/train_all_loss_mask": 0.011528194582206197, "Losses/train_all_loss_dice": 7.2519886136055, "Losses/train_all_loss_iou": 0.030773000960471107, "Losses/train_all_loss_class": 6.090206026598821e-06, "Losses/train_all_core_loss": 7.513331651687622, "Trainer/where": 0.3795, "Trainer/epoch": 18, "Trainer/steps_train": 760}
{"Losses/train_all_loss": 7.383541095256805, "Losses/train_all_loss_mask": 0.015923597785513267, "Losses/train_all_loss_dice": 7.046665871143341, "Losses/train_all_loss_iou": 0.01838679981556197, "Losses/train_all_loss_class": 1.6515218822732436e-05, "Losses/train_all_core_loss": 7.383541095256805, "Trainer/where": 0.3995, "Trainer/epoch": 19, "Trainer/steps_train": 800}
{"Losses/train_all_loss": 7.395088708400726, "Losses/train_all_loss_mask": 0.012567482829035725, "Losses/train_all_loss_dice": 7.12828916311264, "Losses/train_all_loss_iou": 0.015437241276958957, "Losses/train_all_loss_class": 1.266657487484224e-05, "Losses/train_all_core_loss": 7.395088708400726, "Trainer/where": 0.41950000000000004, "Trainer/epoch": 20, "Trainer/steps_train": 840}
{"Losses/train_all_loss": 7.168400204181671,