{"Trainer/where": 0.0049382716049382715, "Trainer/epoch": 0, "Trainer/steps_train": 81}
{"Trainer/where": 0.009938271604938272, "Trainer/epoch": 1, "Trainer/steps_train": 162}
{"Trainer/where": 0.01493827160493827, "Trainer/epoch": 2, "Trainer/steps_train": 243}
{"Trainer/where": 0.01993827160493827, "Trainer/epoch": 3, "Trainer/steps_train": 324}
{"Trainer/where": 0.02493827160493827, "Trainer/epoch": 4, "Trainer/steps_train": 405}
{"Trainer/where": 0.029938271604938272, "Trainer/epoch": 5, "Trainer/steps_train": 486}
{"Trainer/where": 0.03493827160493827, "Trainer/epoch": 6, "Trainer/steps_train": 567}
{"Trainer/where": 0.03993827160493827, "Trainer/epoch": 7, "Trainer/steps_train": 648}
