{"Trainer/where": 0.0049382716049382715, "Trainer/epoch": 0, "Trainer/steps_train": 81}
{"Trainer/where": 0.009938271604938272, "Trainer/epoch": 1, "Trainer/steps_train": 162}
{"Trainer/where": 0.01493827160493827, "Trainer/epoch": 2, "Trainer/steps_train": 243}
{"Trainer/where": 0.01993827160493827, "Trainer/epoch": 3, "Trainer/steps_train": 324}
{"Trainer/where": 0.02493827160493827, "Trainer/epoch": 4, "Trainer/steps_train": 405}
{"Trainer/where": 0.029938271604938272, "Trainer/epoch": 5, "Trainer/steps_train": 486}
{"Trainer/where": 0.03493827160493827, "Trainer/epoch": 6, "Trainer/steps_train": 567}
{"Trainer/where": 0.03993827160493827, "Trainer/epoch": 7, "Trainer/steps_train": 648}
{"Trainer/where": 0.044938271604938275, "Trainer/epoch": 8, "Trainer/steps_train": 729}
{"Trainer/where": 0.04993827160493827, "Trainer/epoch": 9, "Trainer/steps_train": 810}
{"Trainer/where": 0.05493827160493828, "Trainer/epoch": 10, "Trainer/steps_train": 891}
{"Trainer/where": 0.059938271604938274, "Trainer/epoch": 11, "Trainer/steps_train": 972}
{"Trainer/where": 0.06493827160493827, "Trainer/epoch": 12, "Trainer/steps_train": 1053}
{"Trainer/where": 0.06993827160493828, "Trainer/epoch": 13, "Trainer/steps_train": 1134}
{"Trainer/where": 0.07493827160493828, "Trainer/epoch": 14, "Trainer/steps_train": 1215}
{"Trainer/where": 0.07993827160493827, "Trainer/epoch": 15, "Trainer/steps_train": 1296}
{"Trainer/where": 0.08493827160493828, "Trainer/epoch": 16, "Trainer/steps_train": 1377}
{"Trainer/where": 0.08993827160493828, "Trainer/epoch": 17, "Trainer/steps_train": 1458}
{"Trainer/where": 0.09493827160493827, "Trainer/epoch": 18, "Trainer/steps_train": 1539}
{"Trainer/where": 0.09993827160493828, "Trainer/epoch": 19, "Trainer/steps_train": 1620}
{"Trainer/where": 0.10493827160493828, "Trainer/epoch": 20, "Trainer/steps_train": 1701}
{"Trainer/where": 0.10993827160493827, "Trainer/epoch": 21, "Trainer/steps_train": 1782}
{"Trainer/where": 0.11493827160493827, "Trainer/epoch": 22, "Trainer/steps_train": 1863}
{"Trainer/where": 0.11993827160493828, "Trainer/epoch": 23, "Trainer/steps_train": 1944}
{"Trainer/where": 0.12493827160493827, "Trainer/epoch": 24, "Trainer/steps_train": 2025}
{"Trainer/where": 0.1299382716049383, "Trainer/epoch": 25, "Trainer/steps_train": 2106}
{"Trainer/where": 0.13493827160493826, "Trainer/epoch": 26, "Trainer/steps_train": 2187}
{"Trainer/where": 0.13993827160493827, "Trainer/epoch": 27, "Trainer/steps_train": 2268}
{"Trainer/where": 0.14493827160493827, "Trainer/epoch": 28, "Trainer/steps_train": 2349}
{"Trainer/where": 0.14993827160493828, "Trainer/epoch": 29, "Trainer/steps_train": 2430}
{"Trainer/where": 0.15493827160493828, "Trainer/epoch": 30, "Trainer/steps_train": 2511}
{"Trainer/where": 0.1599382716049383, "Trainer/epoch": 31, "Trainer/steps_train": 2592}
{"Trainer/where": 0.16493827160493826, "Trainer/epoch": 32, "Trainer/steps_train": 2673}
{"Trainer/where": 0.16993827160493827, "Trainer/epoch": 33, "Trainer/steps_train": 2754}
{"Trainer/where": 0.17493827160493824, "Trainer/epoch": 34, "Trainer/steps_train": 2835}
{"Trainer/where": 0.17993827160493825, "Trainer/epoch": 35, "Trainer/steps_train": 2916}
{"Trainer/where": 0.18493827160493825, "Trainer/epoch": 36, "Trainer/steps_train": 2997}
{"Trainer/where": 0.18993827160493826, "Trainer/epoch": 37, "Trainer/steps_train": 3078}
{"Trainer/where": 0.19493827160493826, "Trainer/epoch": 38, "Trainer/steps_train": 3159}
{"Trainer/where": 0.19993827160493827, "Trainer/epoch": 39, "Trainer/steps_train": 3240}
{"Trainer/where": 0.20493827160493827, "Trainer/epoch": 40, "Trainer/steps_train": 3321}
{"Trainer/where": 0.20993827160493825, "Trainer/epoch": 41, "Trainer/steps_train": 3402}
{"Trainer/where": 0.21493827160493825, "Trainer/epoch": 42, "Trainer/steps_train": 3483}
{"Trainer/where": 0.21993827160493826, "Trainer/epoch": 43, "Trainer/steps_train": 3564}
{"Trainer/where": 0.22493827160493826, "Trainer/epoch": 44, "Trainer/steps_train": 3645}
{"Trainer/where": 0.22993827160493827, "Trainer/epoch": 45, "Trainer/steps_train": 3726}
{"Trainer/where": 0.23493827160493827, "Trainer/epoch": 46, "Trainer/steps_train": 3807}
{"Trainer/where": 0.23993827160493825, "Trainer/epoch": 47, "Trainer/steps_train": 3888}
{"Trainer/where": 0.24493827160493825, "Trainer/epoch": 48, "Trainer/steps_train": 3969}
{"Trainer/where": 0.24993827160493826, "Trainer/epoch": 49, "Trainer/steps_train": 4050}
{"Trainer/where": 0.25493827160493826, "Trainer/epoch": 50, "Trainer/steps_train": 4131}
{"Trainer/where": 0.25993827160493826, "Trainer/epoch": 51, "Trainer/steps_train": 4212}
{"Trainer/where": 0.26493827160493827, "Trainer/epoch": 52, "Trainer/steps_train": 4293}
{"Trainer/where": 0.2699382716049383, "Trainer/epoch": 53, "Trainer/steps_train": 4374}
{"Trainer/where": 0.2749382716049383, "Trainer/epoch": 54, "Trainer/steps_train": 4455}
{"Trainer/where": 0.2799382716049383, "Trainer/epoch": 55, "Trainer/steps_train": 4536}
{"Trainer/where": 0.28493827160493823, "Trainer/epoch": 56, "Trainer/steps_train": 4617}
{"Trainer/where": 0.28993827160493824, "Trainer/epoch": 57, "Trainer/steps_train": 4698}
{"Trainer/where": 0.29493827160493824, "Trainer/epoch": 58, "Trainer/steps_train": 4779}
{"Trainer/where": 0.29993827160493824, "Trainer/epoch": 59, "Trainer/steps_train": 4860}
{"Trainer/where": 0.30493827160493825, "Trainer/epoch": 60, "Trainer/steps_train": 4941}
{"Trainer/where": 0.30993827160493825, "Trainer/epoch": 61, "Trainer/steps_train": 5022}
{"Trainer/where": 0.31493827160493826, "Trainer/epoch": 62, "Trainer/steps_train": 5103}
{"Trainer/where": 0.31993827160493826, "Trainer/epoch": 63, "Trainer/steps_train": 5184}
{"Trainer/where": 0.32493827160493827, "Trainer/epoch": 64, "Trainer/steps_train": 5265}
{"Trainer/where": 0.32993827160493827, "Trainer/epoch": 65, "Trainer/steps_train": 5346}
{"Trainer/where": 0.3349382716049383, "Trainer/epoch": 66, "Trainer/steps_train": 5427}
{"Trainer/where": 0.3399382716049383, "Trainer/epoch": 67, "Trainer/steps_train": 5508}
{"Trainer/where": 0.3449382716049383, "Trainer/epoch": 68, "Trainer/steps_train": 5589}
{"Trainer/where": 0.3499382716049383, "Trainer/epoch": 69, "Trainer/steps_train": 5670}
{"Trainer/where": 0.3549382716049383, "Trainer/epoch": 70, "Trainer/steps_train": 5751}
{"Trainer/where": 0.3599382716049383, "Trainer/epoch": 71, "Trainer/steps_train": 5832}
{"Trainer/where": 0.3649382716049383, "Trainer/epoch": 72, "Trainer/steps_train": 5913}
{"Trainer/where": 0.3699382716049383, "Trainer/epoch": 73, "Trainer/steps_train": 5994}
{"Trainer/where": 0.3749382716049383, "Trainer/epoch": 74, "Trainer/steps_train": 6075}
{"Trainer/where": 0.3799382716049383, "Trainer/epoch": 75, "Trainer/steps_train": 6156}
{"Trainer/where": 0.3849382716049383, "Trainer/epoch": 76, "Trainer/steps_train": 6237}
{"Trainer/where": 0.38993827160493827, "Trainer/epoch": 77, "Trainer/steps_train": 6318}
{"Trainer/where": 0.3949382716049383, "Trainer/epoch": 78, "Trainer/steps_train": 6399}
{"Trainer/where": 0.3999382716049383, "Trainer/epoch": 79, "Trainer/steps_train": 6480}
{"Trainer/where": 0.4049382716049383, "Trainer/epoch": 80, "Trainer/steps_train": 6561}
{"Trainer/where": 0.4099382716049383, "Trainer/epoch": 81, "Trainer/steps_train": 6642}
{"Trainer/where": 0.4149382716049383, "Trainer/epoch": 82, "Trainer/steps_train": 6723}
{"Trainer/where": 0.4199382716049383, "Trainer/epoch": 83, "Trainer/steps_train": 6804}
{"Trainer/where": 0.4249382716049383, "Trainer/epoch": 84, "Trainer/steps_train": 6885}
{"Trainer/where": 0.4299382716049383, "Trainer/epoch": 85, "Trainer/steps_train": 6966}
{"Trainer/where": 0.4349382716049383, "Trainer/epoch": 86, "Trainer/steps_train": 7047}
{"Trainer/where": 0.4399382716049383, "Trainer/epoch": 87, "Trainer/steps_train": 7128}
{"Trainer/where": 0.4449382716049383, "Trainer/epoch": 88, "Trainer/steps_train": 7209}
{"Trainer/where": 0.44993827160493827, "Trainer/epoch": 89,