{"Losses/train_all_loss": 1.9275448852115207, "Losses/train_all_loss_mask": 0.01450415263721363, "Losses/train_all_loss_dice": 1.1443090622807726, "Losses/train_all_loss_iou": 0.4931445083132497, "Losses/train_all_loss_class": 8.288343802124273e-06, "Losses/train_all_core_loss": 1.9275448852115207, "Trainer/where": 0.0049382716049382715, "Trainer/epoch": 0, "Trainer/steps_train": 81}
{"Losses/train_all_loss": 1.165352847105191, "Losses/train_all_loss_mask": 0.0013857761417360355, "Losses/train_all_loss_dice": 0.7980574943401195, "Losses/train_all_loss_iou": 0.339579627101804, "Losses/train_all_loss_class": 2.16180948234519e-07, "Losses/train_all_core_loss": 1.165352847105191, "Trainer/where": 0.009938271604938272, "Trainer/epoch": 1, "Trainer/steps_train": 162}
{"Losses/train_all_loss": 1.1893874097753454, "Losses/train_all_loss_mask": 0.0012815233185617138, "Losses/train_all_loss_dice": 0.8104188880066813, "Losses/train_all_loss_iou": 0.3533379707807376, "Losses/train_all_loss_class": 9.335041400239094e-08, "Losses/train_all_core_loss": 1.1893874097753454, "Trainer/where": 0.01493827160493827, "Trainer/epoch": 2, "Trainer/steps_train": 243}
{"Losses/train_all_loss": 1.0765318458462938, "Losses/train_all_loss_mask": 0.0008518863020229073, "Losses/train_all_loss_dice": 0.7286394172244601, "Losses/train_all_loss_iou": 0.3308546762039632, "Losses/train_all_loss_class": 3.069636643088304e-08, "Losses/train_all_core_loss": 1.0765318458462938, "Trainer/where": 0.01993827160493827, "Trainer/epoch": 3, "Trainer/steps_train": 324}
{"Losses/train_all_loss": 1.0471161993933313, "Losses/train_all_loss_mask": 0.0008775703907214151, "Losses/train_all_loss_dice": 0.7064048254195555, "Losses/train_all_loss_iou": 0.323159968043551, "Losses/train_all_loss_class": 1.1437839909768222e-08, "Losses/train_all_core_loss": 1.0471161993933313, "Trainer/where": 0.02493827160493827, "Trainer/epoch": 4, "Trainer/steps_train": 405}
{"Losses/train_all_loss": 1.0175042630713662, "Losses/train_all_loss_mask": 0.0008489322434696886, "Losses/train_all_loss_dice": 0.6850591117953077, "Losses/train_all_loss_iou": 0.3154665007267469, "Losses/train_all_loss_class": 7.636877640559158e-09, "Losses/train_all_core_loss": 1.0175042630713662, "Trainer/where": 0.029938271604938272, "Trainer/epoch": 5, "Trainer/steps_train": 486}
{"Losses/train_all_loss": 1.0707512873190421, "Losses/train_all_loss_mask": 0.00091577060578138, "Losses/train_all_loss_dice": 0.7286285250275223, "Losses/train_all_loss_iou": 0.3238073511991972, "Losses/train_all_loss_class": 9.702930102731096e-09, "Losses/train_all_core_loss": 1.0707512873190421, "Trainer/where": 0.03493827160493827, "Trainer/epoch": 6, "Trainer/steps_train": 567}
{"Losses/train_all_loss": 1.0439462234944472, "Losses/train_all_loss_mask": 0.0008791942037297067, "Losses/train_all_loss_dice": 0.6972663700580597, "Losses/train_all_loss_iou": 0.3290959662861294, "Losses/train_all_loss_class": 9.562802371638949e-09, "Losses/train_all_core_loss": 1.0439462234944472, "Trainer/where": 0.03993827160493827, "Trainer/epoch": 7, "Trainer/steps_train": 648}
