{"Losses/train_all_loss": 11.43487502336502, "Losses/train_all_loss_mask": 0.16296570544072891, "Losses/train_all_loss_dice": 7.10100302696228, "Losses/train_all_loss_iou": 1.0745411982294173, "Losses/train_all_loss_class": 1.668729345791764e-05, "Losses/train_all_core_loss": 11.43487502336502, "Trainer/where": 0.0195, "Trainer/epoch": 0, "Trainer/steps_train": 40}
{"Losses/train_all_loss": 8.602711594104766, "Losses/train_all_loss_mask": 0.043611505530861905, "Losses/train_all_loss_dice": 7.28752875328064, "Losses/train_all_loss_iou": 0.44294945255387574, "Losses/train_all_loss_class": 3.2795709781430205e-06, "Losses/train_all_core_loss": 8.602711594104766, "Trainer/where": 0.0395, "Trainer/epoch": 1, "Trainer/steps_train": 80}
{"Losses/train_all_loss": 7.873050093650818, "Losses/train_all_loss_mask": 0.023185006431594955, "Losses/train_all_loss_dice": 7.229171502590179, "Losses/train_all_loss_iou": 0.18016701513552108, "Losses/train_all_loss_class": 1.1377399028766888e-05, "Losses/train_all_core_loss": 7.873050093650818, "Trainer/where": 0.059500000000000004, "Trainer/epoch": 2, "Trainer/steps_train": 120}
{"Losses/train_all_loss": 7.7204788565635685, "Losses/train_all_loss_mask": 0.012629211572129862, "Losses/train_all_loss_dice": 7.372592437267303, "Losses/train_all_loss_iou": 0.09529116369667463, "Losses/train_all_loss_class": 1.1029630862857687e-05, "Losses/train_all_core_loss": 7.7204788565635685, "Trainer/where": 0.0795, "Trainer/epoch": 3, "Trainer/steps_train": 160}
{"Losses/train_all_loss": 7.912554478645324, "Losses/train_all_loss_mask": 0.015177139770821668, "Losses/train_all_loss_dice": 7.590556383132935, "Losses/train_all_loss_iou": 0.018446688175026794, "Losses/train_all_loss_class": 8.640416976390952e-06, "Losses/train_all_core_loss": 7.912554478645324, "Trainer/where": 0.09949999999999999, "Trainer/epoch": 4, "Trainer/steps_train": 200}
{"Losses/train_all_loss": 7.6517690300941466, "Losses/train_all_loss_mask": 0.019512590578960952, "Losses/train_all_loss_dice": 7.217820972204208, "Losses/train_all_loss_iou": 0.04369011626695283, "Losses/train_all_loss_class": 6.143555345472506e-06, "Losses/train_all_core_loss": 7.6517690300941466, "Trainer/where": 0.1195, "Trainer/epoch": 5, "Trainer/steps_train": 240}
{"Losses/train_all_loss": 7.6289497971534725, "Losses/train_all_loss_mask": 0.028232281596137908, "Losses/train_all_loss_dice": 7.026366817951202, "Losses/train_all_loss_iou": 0.037931934419611936, "Losses/train_all_loss_class": 5.423239335122787e-06, "Losses/train_all_core_loss": 7.6289497971534725, "Trainer/where": 0.13949999999999999, "Trainer/epoch": 6, "Trainer/steps_train": 280}
{"Losses/train_all_loss": 7.623284941911697, "Losses/train_all_loss_mask": 0.01464938365315902, "Losses/train_all_loss_dice": 7.314521390199661, "Losses/train_all_loss_iou": 0.015771369252615842, "Losses/train_all_loss_class": 4.568028166573867e-06, "Losses/train_all_core_loss": 7.623284941911697, "Trainer/where": 0.1595, "Trainer/epoch": 7, "Trainer/steps_train": 320}
{"Losses/train_all_loss": 7.494626796245575, "Losses/train_all_loss_mask": 0.01308943017538695, "Losses/train_all_loss_dice": 7.21575368642807, "Losses/train_all_loss_iou": 0.01707760391291231, "Losses/train_all_loss_class": 6.969078283702856e-06, "Losses/train_all_core_loss": 7.494626796245575, "Trainer/where": 0.1795, "Trainer/epoch": 8, "Trainer/steps_train": 360}
{"Losses/train_all_loss": 7.545971858501434, "Losses/train_all_loss_mask": 0.01686312615929637, "Losses/train_all_loss_dice": 7.1541402518749235, "Losses/train_all_loss_iou": 0.054564078024122865, "Losses/train_all_loss_class": 5.100863800944211e-06, "Losses/train_all_core_loss": 7.545971858501434, "Trainer/where": 0.19949999999999998, "Trainer/epoch": 9, "Trainer/steps_train": 400}
{"Losses/train_all_loss": 7.6171722412109375, "Losses/train_all_loss_mask": 0.011209629968652735, "Losses/train_all_loss_dice": 7.382851457595825, "Losses/train_all_loss_iou": 0.01012344561968348, "Losses/train_all_loss_class": 4.782472209363675e-06, "Losses/train_all_core_loss": 7.6171722412109375, "Trainer/where": 0.2195, "Trainer/epoch": 10, "Trainer/steps_train": 440}
{"Losses/train_all_loss": 7.793500816822052, "Losses/train_all_loss_mask": 0.01493116648925934, "Losses/train_all_loss_dice": 7.480881381034851, "Losses/train_all_loss_iou": 0.013990036798713846, "Losses/train_all_loss_class": 6.1669756505011716e-06, "Losses/train_all_core_loss": 7.793500816822052, "Trainer/where": 0.2395, "Trainer/epoch": 11, "Trainer/steps_train": 480}
{"Losses/train_all_loss": 7.485544288158417, "Losses/train_all_loss_mask": 0.012304694643171387, "Losses/train_all_loss_dice": 7.203140938282013, "Losses/train_all_loss_iou": 0.03630505019791599, "Losses/train_all_loss_class": 4.38903136696922e-06, "Losses/train_all_core_loss": 7.485544288158417, "Trainer/where": 0.2595, "Trainer/epoch": 12, "Trainer/steps_train": 520}
{"Losses/train_all_loss": 7.338911628723144, "Losses/train_all_loss_mask": 0.014478437723300885, "Losses/train_all_loss_dice": 6.994773483276367, "Losses/train_all_loss_iou": 0.054566338717631876, "Losses/train_all_loss_class": 3.0082790245522517e-06, "Losses/train_all_core_loss": 7.338911628723144, "Trainer/where": 0.27949999999999997, "Trainer/epoch": 13, "Trainer/steps_train": 560}
{"Losses/train_all_loss": 7.573029279708862, "Losses/train_all_loss_mask": 0.011480230653251055, "Losses/train_all_loss_dice": 7.326436674594879, "Losses/train_all_loss_iou": 0.016986027663733694, "Losses/train_all_loss_class": 1.963433783602753e-06, "Losses/train_all_core_loss": 7.573029279708862, "Trainer/where": 0.2995, "Trainer/epoch": 14, "Trainer/steps_train": 600}
{"Losses/train_all_loss": 7.360460996627808, "Losses/train_all_loss_mask": 0.010824295000929851, "Losses/train_all_loss_dice": 7.125809776782989, "Losses/train_all_loss_iou": 0.018162787614710397, "Losses/train_all_loss_class": 2.582993123390054e-06, "Losses/train_all_core_loss": 7.360460996627808, "Trainer/where": 0.3195, "Trainer/epoch": 15, "Trainer/steps_train": 640}
{"Losses/train_all_loss": 7.275007784366608, "Losses/train_all_loss_mask": 0.012416510137336445, "Losses/train_all_loss_dice": 7.0180357694625854, "Losses/train_all_loss_iou": 0.0086376594594185, "Losses/train_all_loss_class": 4.159484020149762e-06, "Losses/train_all_core_loss": 7.275007784366608, "Trainer/where": 0.3395, "Trainer/epoch": 16, "Trainer/steps_train": 680}
{"Losses/train_all_loss": 7.456274783611297, "Losses/train_all_loss_mask": 0.016413928324982407, "Losses/train_all_loss_dice": 7.103285920619965, "Losses/train_all_loss_iou": 0.0247069959397777, "Losses/train_all_loss_class": 3.3513168133048055e-06, "Losses/train_all_core_loss": 7.456274783611297, "Trainer/where": 0.35950000000000004, "Trainer/epoch": 17, "Trainer/steps_train": 720}
{"Losses/train_all_loss": 7.342315918207168, "Losses/train_all_loss_mask": 0.009927743862499483, "Losses/train_all_loss_dice": 7.1226288139820095, "Losses/train_all_loss_iou": 0.021122397844374065, "Losses/train_all_loss_class": 9.813487906340512e-06, "Losses/train_all_core_loss": 7.342315918207168, "Trainer/where": 0.3795, "Trainer/epoch": 18, "Trainer/steps_train": 760}
{"Losses/train_all_loss": 7.4130069494247435, "Losses/train_all_loss_mask": 0.012072092348535079, "Losses/train_all_loss_dice": 7.129309451580047, "Losses/train_all_loss_iou": 0.042254263711947716, "Losses/train_all_loss_class": 1.4500013569618274e-06, "Losses/train_all_core_loss": 7.4130069494247435, "Trainer/where": 0.3995, "Trainer/epoch": 19, "Trainer/steps_train": 800}
{"Losses/train_all_loss": 7.214847588539124, "Losses/train_all_loss_mask": 0.010890733480482594, "Losses/train_all_loss_dice": 6.9668325066566466, "Losses/train_all_loss_iou": 0.030197153705739766, "Losses/train_all_loss_class": 3.2699292903615174e-06, "Losses/train_all_core_loss": 7.214847588539124, "Trainer/where": 0.41950000000000004, "Trainer/epoch": 20, "Trainer/steps_train": 840}
{"Losses/train_all_loss": 7.370232009887696,